<?xml version='1.0' encoding='UTF-8'?>
<rss xmlns:atom="http://www.w3.org/2005/Atom" xmlns:content="http://purl.org/rss/1.0/modules/content/" version="2.0"><channel><title>Actualités CDBG</title><link>https://www.cdbg-gabon.com/</link><description>Flux RSS du Partenariat pour les forêts du bassin du Congo</description><docs>http://www.rssboard.org/rss-specification</docs><generator>python-feedgen</generator><language>fr</language><lastBuildDate>Sun, 05 Oct 2025 03:16:56 +0000</lastBuildDate><item><title>Les co-facilitatrices du PFBC à l’écoute des ministres d’Afrique centrale</title><link>https://pfbc-cbfp.org/fr/actualites</link><description>Partenariat pour les forêts du bassin du Congo</description><pubDate>Sun, 28 Sep 2025 11:46:36 +0000</pubDate></item><item><title>« Une information de qualité, c’est un pas de plus vers une meilleure gouvernance climatique et…</title><link>https://pfbc-cbfp.org/fr/actualites</link><description>Partenariat pour les forêts du bassin du Congo</description><pubDate>Sun, 28 Sep 2025 11:46:36 +0000</pubDate></item><item><title>Le climat n’attend pas, et les communautés de l’Est congolais encore moins.</title><link>https://pfbc-cbfp.org/fr/actualites</link><description>Partenariat pour les forêts du bassin du Congo</description><pubDate>Sun, 28 Sep 2025 11:46:36 +0000</pubDate></item><item><title>Les forêts et savanes africaines, refuges d’une biodiversité unique, subissent une pression…</title><link>https://pfbc-cbfp.org/fr/actualites</link><description>Partenariat pour les forêts du bassin du Congo</description><pubDate>Sun, 28 Sep 2025 11:46:36 +0000</pubDate></item><item><title>« La terre est plus qu’un bien matériel : elle est le socle de nos vies, de nos cultures et de notre…</title><link>https://pfbc-cbfp.org/fr/actualites</link><description>Partenariat pour les forêts du bassin du Congo</description><pubDate>Sun, 28 Sep 2025 11:46:36 +0000</pubDate></item><item><title>Les femmes sont les gardiennes de la biodiversité.</title><link>https://pfbc-cbfp.org/fr/actualites</link><description>Partenariat pour les forêts du bassin du Congo</description><pubDate>Sun, 28 Sep 2025 11:46:36 +0000</pubDate></item><item><title>Du 24 au 26 septembre 2025, N’Djamena a accueilli un colloque international d’envergure consacré à…</title><link>https://pfbc-cbfp.org/fr/actualites</link><description>Partenariat pour les forêts du bassin du Congo</description><pubDate>Mon, 29 Sep 2025 11:41:53 +0000</pubDate></item><item><title>PFBC , Conférence sur la criminalité environnementale , Atelier Chaînes de valeur durables</title><link>https://pfbc-cbfp.org/fr/actualites</link><description>Partenariat pour les forêts du bassin du Congo</description><pubDate>Mon, 29 Sep 2025 11:41:53 +0000</pubDate></item><item><title>28/08/2025</title><link>https://pfbc-cbfp.org/fr/actualites</link><description>Partenariat pour les forêts du bassin du Congo</description><pubDate>Sun, 05 Oct 2025 03:16:52 +0000</pubDate></item><item><title>29/08/2025</title><link>https://pfbc-cbfp.org/fr/actualites</link><description>Partenariat pour les forêts du bassin du Congo</description><pubDate>Sun, 05 Oct 2025 03:16:52 +0000</pubDate></item><item><title>15/09/2025</title><link>https://pfbc-cbfp.org/fr/actualites</link><description>Partenariat pour les forêts du bassin du Congo</description><pubDate>Sun, 05 Oct 2025 03:16:52 +0000</pubDate></item><item><title>16/09/2025</title><link>https://pfbc-cbfp.org/fr/actualites</link><description>Partenariat pour les forêts du bassin du Congo</description><pubDate>Sun, 05 Oct 2025 03:16:52 +0000</pubDate></item><item><title>18/09/2025</title><link>https://pfbc-cbfp.org/fr/actualites</link><description>Partenariat pour les forêts du bassin du Congo</description><pubDate>Sun, 05 Oct 2025 03:16:52 +0000</pubDate></item><item><title>18/09/2025</title><link>https://pfbc-cbfp.org/fr/actualites</link><description>Partenariat pour les forêts du bassin du Congo</description><pubDate>Sun, 05 Oct 2025 03:16:52 +0000</pubDate></item><item><title>19/09/2025</title><link>https://pfbc-cbfp.org/fr/actualites</link><description>Partenariat pour les forêts du bassin du Congo</description><pubDate>Sun, 05 Oct 2025 03:16:52 +0000</pubDate></item><item><title>22/09/2025</title><link>https://pfbc-cbfp.org/fr/actualites</link><description>Partenariat pour les forêts du bassin du Congo</description><pubDate>Sun, 05 Oct 2025 03:16:52 +0000</pubDate></item><item><title>22/09/2025</title><link>https://pfbc-cbfp.org/fr/actualites</link><description>Partenariat pour les forêts du bassin du Congo</description><pubDate>Sun, 05 Oct 2025 03:16:52 +0000</pubDate></item><item><title>23/09/2025</title><link>https://pfbc-cbfp.org/fr/actualites</link><description>Partenariat pour les forêts du bassin du Congo</description><pubDate>Sun, 05 Oct 2025 03:16:52 +0000</pubDate></item><item><title>25/09/2025</title><link>https://pfbc-cbfp.org/fr/actualites</link><description>Partenariat pour les forêts du bassin du Congo</description><pubDate>Sun, 05 Oct 2025 03:16:52 +0000</pubDate></item><item><title>29/09/2025</title><link>https://pfbc-cbfp.org/fr/actualites</link><description>Partenariat pour les forêts du bassin du Congo</description><pubDate>Sun, 05 Oct 2025 03:16:52 +0000</pubDate></item></channel></rss>